Request payload,Response payload
680e00000000640106010d9100000014,680e00000200460104000d9100000001
680e00000200640106000d9100000014,680401000200680e02000200640107000d9100000014681604000200018914000d911a27\200\246
680e060010002d0106010d911a270001,680401000800680e100008002d0107010d911a270001
680e0a0016002d0146030d9135820081,68140c001600670106040d91000000c83239081d0808
68193200ac003f01060003009d13000000f64200080018130d086d,6819ac0034003f01070003009d13000000f64200080018130d0809
68123600b2003201060003009c13000000404100,6812b20038003201070003009c13000000404100
68123a00b8003201060003009c130000002ec200,6812b8003c003201070003009c130000002ec200
680e3c00bc0064010600030000000014,680ebc003e0064010700030000000014
68154200dc003b0106000300f9110082d80019130d086d,6815dc0044003b0107000300f9110082d80019130d0809
68154400de003b0106000300f9110002d80019130d086d,6815de0046003b0107000300f9110002d80019130d0809
68154800ea003b0106000300f9110001780019130d086d,6815ea004a003b0107000300f9110001780019130d0809
68174c00f8003d0106000300d51200744000c8001a130d086d,6817f8004e003d0107000300d51200744000c8001a130d0809
680e00000000640106000a0000000014,680e00000000460104000a0000000000
680e02000200640106000a0000000014,680e02000200640107000a0000000014681a04000200010414000a000100000002000000\200\246
680e0e0060002f0106000a000c000001,680e600010002f0107000a000c000001680e620010002f010a000a000c00000168166400\200\246
681014007200300106000a00010000000400,681072001600300107000a00010000000400
681016007800300106000a000c0000002000,681078001800300107000a000c000000200068107a00180030010a000a000c0000002000\200\246
68121c008a00320106000a00010000c3f5484000,68128a001e00320107000a00010000c3f548400068128c001e0032010a000a00010000c3\200\246
68120e003000320106000100f4010000004c4200,68123000100032016f000100f4010000004c4200
68121000320032010600010088130000004c4200,68123200120032016f00010088130000004c4200
68121200340032010600010088130000004c4200,68123400140032016f00010088130000004c4200
68121400360032010600010088130000004c4200,68123600160032016f00010088130000004c4200
68121600380032010600010088130000004c4200,68123800180032016f00010088130000004c4200
681218003a0032010600010088130000004c4200,68123a001a0032016f00010088130000004c4200
68191c003e003f010600010088130000004c420078690d0e1e0913,68193e001e003f016f00010088130000004c420078690d0e1e0913
681206002c003201060001007017000000c4c200,68122c0008003201070001007017000000c4c200
68120e003a007001060001002100006f12833a03,68123a00100070016f0001002100006f12833a03
681210003c007001060001002100006f12833a03,68123c00120070016f0001002100006f12833a03
681212003e007001060001002100006f12833a00,68123e00140070016f0001002100006f12833a00
68140000000067010600ffff000000fa041311180a13680e0200000064010600ffff0000\200\246,681400000200670107000100000000fa041311180a13
681010005a00310106000100c80000410000,68105a001200310107000100c80000410000
681016006c00310106000100c80000290000,68106c001800310107000100c80000290000
68101a007400310106000100c80000290080,681074001c00310147000100c80000290080
681020007a006e01060001006e0000030001,68107a0022006e016f0001006e0000030001
681022007c006e01060001006e0000030001,68107c0024006e016f0001006e0000030001
681024007e006e01060001006e0000030001,68107e0026006e016f0001006e0000030001
6810260080006e01060001006e0000030001,6810800028006e016f0001006e0000030001
6810280082006e01060001006e0000030001,681082002a006e016f0001006e0000030001
68102a0084006e01060001006e0000030001,681084002c006e016f0001006e0000030001
68102e0088006e01060001006e0000030001,6810880030006e016f0001006e0000030001
681034008e00310106000100c800002b0080,68108e003600310147000100c800002b0080
681036009000310106000100c800002b0080,681090003800310147000100c800002b0080
681038009200310106000100c800002b0080,681092003a00310147000100c800002b0080
68103a009400310106000100c800002b0000,681094003c00310107000100c800002b0000
68103e009e00310106000100c800002b0000,68109e004000310107000100c800002b0000
68104200a800310106000100c800002b0000,6810a8004400310107000100c800002b0000
6810060044006e0106000100fa00000c0001,6810440008006e0107000100fa00000c0001
6810080046006e0106000100fa00000f0001,681046000a006e0107000100fa00000f0001
68100a0048006e0106000100fa00000f0001,681048000c006e0107000100fa00000f0001
681010004e006f01060001005e01001d0001,68104e0012006f01070001005e01001d0001
681216005400700106000100c201009a993f4201,681254001800700107000100c201009a993f4201
6815060020003a0106000100e8030001b036110c020b13,6815200008003a0107000100e8030001b036110c020b13
6815080026003a0106000100e8030000204e110c020b13,681526000a003a0107000100e8030000204e110c020b13
6815140036003b0106000100d0070000f055120c020b13,6815360016003b0107000100d0070000f055120c020b13
680e060020002e0106000100d0070000,680e200008002e0107000100d0070000
680e080026002e0106000100d0070001,680e26000a002e0107000100d0070001
680e0a002c002e0106000100d0070002,680e2c000c002e0107000100d0070002
6815140042003c0106000100b80b0002f82a310d020b13,6815420016003c0107000100b80b0002f82a310d020b13
681724006a003d0106000100a00f007800003075330d020b13,68176a0026003d0107000100a00f007800003075330d020b13
6817320094003e010600010088130024000010a4340d020b13,6817940034003e010700010088130024000010a4340d020b13
681806001e00400106000100581b00000000001027380d020b13,68181e000800400107000100581b00000000001027380d020b13
681808002400400106000100581b0005000000983a380d020b13,681824000a00400107000100581b0005000000983a380d020b13
681810003c00400106000100581b0018000000409c380d020b13,68183c001200400107000100581b0018000000409c380d020b13
6819060020003f0106000100701700000000000080bb050e020b13,6819200008003f0107000100701700000040000080bb050e020b13
6819080026003f01060001007017000000404100d8d6050e020b13,681926000a003f01070001007017000000404100d8d6050e020b13
681206001e003201060001002823000000504200,68121e0008003201070001002823000000504200
6812080024003201060001002823000ad7534200,681224000a003201070001002823000ad7534200
