Request payload,Response payload,Func
000200000006000300630001,0002000000050003020061,3
0000000000060a0800040000,0000000000030a880b,8
0000000000060a0800040000,0000000000030a880b,8
0001000000060a0100000001,0001000000040a010100,1
000000000006010000000000,000000000003018001,0
000000000006010800000000,000000000006010900000000,8
000000000003018901,000000000006010a00000000,9
000000000003018a01,000000000006010b00000000,10
000000000003018b03,000000000006010c00000000,11
000000000003018c03,000000000006010d00000000,12
000000000003018d03,000000000006010e00000000,13
000000000003018e03,000000000003019301,14
000000000006011400000000,000000000003019403,20
000000000006011500000000,000000000003019503,21
000000000003019901,000000000006011a00000000,25
000000000003019a01,000000000006011b00000000,26
000000000003019b01,000000000006011c00000000,27
000000000003019c01,000000000006011d00000000,28
000000000003019d01,000000000006011e00000000,29
000000000003019e01,000000000006011f00000000,30
000000000003019f01,000000000006012000000000,31
00000000000301a001,000000000006012100000000,32
00000000000301a101,000000000006012200000000,33
00000000000301a201,000000000006012300000000,34
00000000000301a301,000000000006012400000000,35
00000000000301a401,000000000006012500000000,36
00000000000301a501,000000000006012600000000,37
00000000000301a601,000000000006012700000000,38
00000000000301a701,000000000006012800000000,39
000000000006012805020000,000000000006012900000000,40
00000000000301a901,000000000006012a00000000,41
000000000006012a03000100,00000000000301ad01,42
000000000006012e00000000,00000000000301ae01,46
000000000006012f00000000,00000000000301af01,47
000000000006013000000000,00000000000301b001,48
000000000006013100000000,00000000000301b101,49
000000000006013200000000,00000000000301b201,50
000000000006013300000000,00000000000301b301,51
000000000006013400000000,00000000000301b401,52
000000000006013500000000,00000000000301b501,53
000000000006013600000000,00000000000301b801,54
000000000006013900000000,00000000000301b901,57
000000000006013a00000000,00000000000301ba01,58
000000000006013b00000000,00000000000301bb01,59
000000000006013c00000000,00000000000301bc01,60
000000000006013d00000000,00000000000301bd01,61
000000000006013e00000000,00000000000301be01,62
000000000006013f00000000,00000000000301c101,63
000000000006014200000000,00000000000301c201,66
000000000006014300000000,00000000000301c301,67
000000000006014400000000,00000000000301c401,68
000000000006014500000000,00000000000301c501,69
000000000006014600000000,00000000000301c601,70
000000000006014700000000,00000000000301c701,71
000000000006014800000000,00000000000301c801,72
000000000006014900000000,00000000000301c901,73
000000000006014a00000000,00000000000301ca01,74
000000000006014b00000000,00000000000301cb01,75
000000000006014c00000000,00000000000301cc01,76
000000000006014d00000000,00000000000301cd01,77
000000000006014e00000000,00000000000301ce01,78
000000000006014f00000000,00000000000301cf01,79
000000000006015000000000,00000000000301d001,80
000000000006015100000000,00000000000301d101,81
000000000006015200000000,00000000000301d201,82
000000000006015300000000,00000000000301d301,83
000000000006015400000000,00000000000301d401,84
000000000006015500000000,00000000000301d501,85
000000000006015600000000,00000000000301d601,86
000000000006015700000000,00000000000301d701,87
000000000006015800000000,00000000000301d801,88
000000000006015900000000,00000000000301d901,89
000000000006015a00000000,00000000000301da01,90
000000000006015b00000000,00000000000301db01,91
000000000006015c00000000,00000000000301dc01,92
000000000006015d00000000,00000000000301dd01,93
000000000006015e00000000,00000000000301de01,94
000000000006015f00000000,00000000000301df01,95
000000000006016000000000,00000000000301e001,96
000000000006016100000000,00000000000301e101,97
000000000006016200000000,00000000000301e201,98
000000000006016300000000,00000000000301e301,99
000000000006016400000000,00000000000301e401,100
000000000006016500000000,00000000000301e501,101
000000000006016600000000,00000000000301e601,102
000000000006016700000000,00000000000301e701,103
000000000006016800000000,00000000000301e801,104
000000000006016900000000,00000000000301e901,105
000000000006016a00000000,00000000000301ea01,106
000000000006016b00000000,00000000000301eb01,107
000000000006016c00000000,00000000000301ec01,108
000000000006016d00000000,00000000000301ed01,109
000000000006016e00000000,00000000000301ee01,110
000000000006016f00000000,00000000000301ef01,111
000000000006017000000000,00000000000301f001,112
000000000006017100000000,00000000000301f101,113
000000000006017200000000,00000000000301f201,114
000000000006017300000000,00000000000301f301,115
000000000006017400000000,00000000000301f401,116
000000000006017500000000,00000000000301f501,117
000000000006017600000000,00000000000301f601,118
000000000006017700000000,00000000000301f701,119
000000000006017800000000,00000000000301f801,120
000000000006017900000000,00000000000301f901,121
000000000006017a00000000,00000000000301fa01,122
000000000006017b00000000,00000000000301fb01,123
000000000006017c00000000,00000000000301fc01,124
000000000006017d00000000,000000000005017d02800d,125
000000000006017e00000000,00000000000301fe03,126
000000000006017f00000000,00000000000301ff01,127
00000000000801160000007d007d,0000000000050117020001,22
000b00000006ff0400000064,000b000000cbff04c8000000000000000000000000000000000000000000000000000000\200\246,4
000100000006ff020063001e,000000000007ff040400000000000100000007ff0204bd4f6739,2
485a00000008ff0f000700030100,485a00000006ff0f00070003,15
