frame.number,frame.time,ip.src,ip.dst,udp.payload,_ws.col.Info
"1","Sep  8, 2005 19:34:38.562375000 UTC","172.31.19.54","172.31.19.73","302602010004067075626c6963a019020126020100020100300e300c06082b060102010102000500","get-request 1.3.6.1.2.1.1.2.0"
"2","Sep  8, 2005 19:34:38.563048000 UTC","172.31.19.73","172.31.19.54","303802010004067075626c6963a22b0201260201000201003020301e06082b0601020101020006122b060104018f5101010182295d011b020201","get-response 1.3.6.1.2.1.1.2.0"
"3","Sep  8, 2005 19:34:38.565998000 UTC","172.31.19.54","172.31.19.73","303402010004067075626c6963a027020127020100020100301c300c06082b060102010105000500300c06082b060102010106000500","get-request 1.3.6.1.2.1.1.5.0 1.3.6.1.2.1.1.6.0"
"4","Sep  8, 2005 19:34:38.571870000 UTC","172.31.19.73","172.31.19.54","304702010004067075626c6963a23a020127020100020100302f301106082b0601020101050004054236333030301a06082b06010201010600040e4368616e64726127732063756265","get-response 1.3.6.1.2.1.1.5.0 1.3.6.1.2.1.1.6.0"
"5","Sep  8, 2005 19:34:38.574587000 UTC","172.31.19.54","172.31.19.73","302802010004067075626c6963a01b0201280201000201003010300e060a2b0601020102020106010500","get-request 1.3.6.1.2.1.2.2.1.6.1"
"6","Sep  8, 2005 19:34:38.575341000 UTC","172.31.19.73","172.31.19.54","302e02010004067075626c6963a22102012802010002010030163014060a2b060102010202010601040608003715e6bc","get-response 1.3.6.1.2.1.2.2.1.6.1"
"7","Sep  8, 2005 19:34:38.578622000 UTC","172.31.19.54","172.31.19.73","306002010004067075626c6963a0530201290201000201003048301606122b06010401817d0840040201070a86deb7380500301606122b06010401817d0840040201070a86deb7360500301606122b06010401817d0840040201050a86deb9600500","get-request 1.3.6.1.4.1.253.8.64.4.2.1.7.10.14130104 1.3.6.1.4.1.253.8.64.4.2.1.7.10.14130102 1.3.6.1.4.1.253.8.64.4.2.1.5.10.14130400"
"8","Sep  8, 2005 19:34:38.585202000 UTC","172.31.19.73","172.31.19.54","307902010004067075626c6963a26c0201290201000201003061302106122b06010401817d0840040201070a86deb738040b3137322e33312e31392e32302306122b06010401817d0840040201070a86deb736040d3235352e3235352e3235352e30301706122b06010401817d0840040201050a86deb960020101","get-response 1.3.6.1.4.1.253.8.64.4.2.1.7.10.14130104 1.3.6.1.4.1.253.8.64.4.2.1.7.10.14130102 1.3.6.1.4.1.253.8.64.4.2.1.5.10.14130400"
"9","Sep  8, 2005 19:34:38.588037000 UTC","172.31.19.54","172.31.19.73","302a02010004067075626c6963a01d02012a02010002010030123010060c2b060102012b0e01010601050500","get-request 1.3.6.1.2.1.43.14.1.1.6.1.5"
"10","Sep  8, 2005 19:34:38.588875000 UTC","172.31.19.73","172.31.19.54","302b02010004067075626c6963a21e02012a02010002010030133011060c2b060102012b0e0101060105020103","get-response 1.3.6.1.2.1.43.14.1.1.6.1.5"
"11","Sep  8, 2005 19:34:38.591544000 UTC","172.31.19.54","172.31.19.73","303002010004067075626c6963a02302012b0201000201003018301606122b06010401817d0840040201050a86dfd9740500","get-request 1.3.6.1.4.1.253.8.64.4.2.1.5.10.14150900"
"12","Sep  8, 2005 19:34:38.594274000 UTC","172.31.19.73","172.31.19.54","303102010004067075626c6963a22402012b0201000201003019301706122b06010401817d0840040201050a86dfd974020101","get-response 1.3.6.1.4.1.253.8.64.4.2.1.5.10.14150900"
"13","Sep  8, 2005 19:34:38.597655000 UTC","172.31.19.54","172.31.19.73","302602010004067075626c6963a01902012c020100020100300e300c06082b060102010102000500","get-request 1.3.6.1.2.1.1.2.0"
"14","Sep  8, 2005 19:34:38.598316000 UTC","172.31.19.73","172.31.19.54","303802010004067075626c6963a22b02012c0201000201003020301e06082b0601020101020006122b060104018f5101010182295d011b020201","get-response 1.3.6.1.2.1.1.2.0"
"15","Sep  8, 2005 19:34:38.601040000 UTC","172.31.19.54","172.31.19.73","303402010004067075626c6963a02702012d020100020100301c300c06082b060102010105000500300c06082b060102010106000500","get-request 1.3.6.1.2.1.1.5.0 1.3.6.1.2.1.1.6.0"
"16","Sep  8, 2005 19:34:38.606951000 UTC","172.31.19.73","172.31.19.54","304702010004067075626c6963a23a02012d020100020100302f301106082b0601020101050004054236333030301a06082b06010201010600040e4368616e64726127732063756265","get-response 1.3.6.1.2.1.1.5.0 1.3.6.1.2.1.1.6.0"
"17","Sep  8, 2005 19:34:38.609643000 UTC","172.31.19.54","172.31.19.73","302802010004067075626c6963a01b02012e0201000201003010300e060a2b0601020102020106010500","get-request 1.3.6.1.2.1.2.2.1.6.1"
"18","Sep  8, 2005 19:34:38.610697000 UTC","172.31.19.73","172.31.19.54","302e02010004067075626c6963a22102012e02010002010030163014060a2b060102010202010601040608003715e6bc","get-response 1.3.6.1.2.1.2.2.1.6.1"
"19","Sep  8, 2005 19:34:38.613568000 UTC","172.31.19.54","172.31.19.73","306002010004067075626c6963a05302012f0201000201003048301606122b06010401817d0840040201070a86deb7380500301606122b06010401817d0840040201070a86deb7360500301606122b06010401817d0840040201050a86deb9600500","get-request 1.3.6.1.4.1.253.8.64.4.2.1.7.10.14130104 1.3.6.1.4.1.253.8.64.4.2.1.7.10.14130102 1.3.6.1.4.1.253.8.64.4.2.1.5.10.14130400"
"20","Sep  8, 2005 19:34:38.620073000 UTC","172.31.19.73","172.31.19.54","307902010004067075626c6963a26c02012f0201000201003061302106122b06010401817d0840040201070a86deb738040b3137322e33312e31392e32302306122b06010401817d0840040201070a86deb736040d3235352e3235352e3235352e30301706122b06010401817d0840040201050a86deb960020101","get-response 1.3.6.1.4.1.253.8.64.4.2.1.7.10.14130104 1.3.6.1.4.1.253.8.64.4.2.1.7.10.14130102 1.3.6.1.4.1.253.8.64.4.2.1.5.10.14130400"
"21","Sep  8, 2005 19:34:38.622877000 UTC","172.31.19.54","172.31.19.73","302a02010004067075626c6963a01d02013002010002010030123010060c2b060102012b0e01010601050500","get-request 1.3.6.1.2.1.43.14.1.1.6.1.5"
"22","Sep  8, 2005 19:34:38.623745000 UTC","172.31.19.73","172.31.19.54","302b02010004067075626c6963a21e02013002010002010030133011060c2b060102012b0e0101060105020103","get-response 1.3.6.1.2.1.43.14.1.1.6.1.5"
"23","Sep  8, 2005 19:34:38.626408000 UTC","172.31.19.54","172.31.19.73","303002010004067075626c6963a0230201310201000201003018301606122b06010401817d0840040201050a86dfd9740500","get-request 1.3.6.1.4.1.253.8.64.4.2.1.5.10.14150900"
"24","Sep  8, 2005 19:34:38.629137000 UTC","172.31.19.73","172.31.19.54","303102010004067075626c6963a2240201310201000201003019301706122b06010401817d0840040201050a86dfd974020101","get-response 1.3.6.1.4.1.253.8.64.4.2.1.5.10.14150900"
"25","Sep  8, 2005 19:34:45.694092000 UTC","172.31.19.54","172.31.19.73","302602010004067075626c6963a019020132020100020100300e300c06082b060102010102000500","get-request 1.3.6.1.2.1.1.2.0"
"26","Sep  8, 2005 19:34:45.694788000 UTC","172.31.19.73","172.31.19.54","303802010004067075626c6963a22b0201320201000201003020301e06082b0601020101020006122b060104018f5101010182295d011b020201","get-response 1.3.6.1.2.1.1.2.0"
"27","Sep  8, 2005 19:34:45.698374000 UTC","172.31.19.54","172.31.19.73","303402010004067075626c6963a027020133020100020100301c300c06082b060102010105000500300c06082b060102010106000500","get-request 1.3.6.1.2.1.1.5.0 1.3.6.1.2.1.1.6.0"
"28","Sep  8, 2005 19:34:45.704260000 UTC","172.31.19.73","172.31.19.54","304702010004067075626c6963a23a020133020100020100302f301106082b0601020101050004054236333030301a06082b06010201010600040e4368616e64726127732063756265","get-response 1.3.6.1.2.1.1.5.0 1.3.6.1.2.1.1.6.0"
"29","Sep  8, 2005 19:34:45.707142000 UTC","172.31.19.54","172.31.19.73","302802010004067075626c6963a01b0201340201000201003010300e060a2b0601020102020106010500","get-request 1.3.6.1.2.1.2.2.1.6.1"
"30","Sep  8, 2005 19:34:45.707917000 UTC","172.31.19.73","172.31.19.54","302e02010004067075626c6963a22102013402010002010030163014060a2b060102010202010601040608003715e6bc","get-response 1.3.6.1.2.1.2.2.1.6.1"
"31","Sep  8, 2005 19:34:45.710654000 UTC","172.31.19.54","172.31.19.73","306002010004067075626c6963a0530201350201000201003048301606122b06010401817d0840040201070a86deb7380500301606122b06010401817d0840040201070a86deb7360500301606122b06010401817d0840040201050a86deb9600500","get-request 1.3.6.1.4.1.253.8.64.4.2.1.7.10.14130104 1.3.6.1.4.1.253.8.64.4.2.1.7.10.14130102 1.3.6.1.4.1.253.8.64.4.2.1.5.10.14130400"
"32","Sep  8, 2005 19:34:45.717159000 UTC","172.31.19.73","172.31.19.54","307902010004067075626c6963a26c0201350201000201003061302106122b06010401817d0840040201070a86deb738040b3137322e33312e31392e32302306122b06010401817d0840040201070a86deb736040d3235352e3235352e3235352e30301706122b06010401817d0840040201050a86deb960020101","get-response 1.3.6.1.4.1.253.8.64.4.2.1.7.10.14130104 1.3.6.1.4.1.253.8.64.4.2.1.7.10.14130102 1.3.6.1.4.1.253.8.64.4.2.1.5.10.14130400"
"33","Sep  8, 2005 19:34:45.719879000 UTC","172.31.19.54","172.31.19.73","302a02010004067075626c6963a01d02013602010002010030123010060c2b060102012b0e01010601050500","get-request 1.3.6.1.2.1.43.14.1.1.6.1.5"
"34","Sep  8, 2005 19:34:45.720980000 UTC","172.31.19.73","172.31.19.54","302b02010004067075626c6963a21e02013602010002010030133011060c2b060102012b0e0101060105020103","get-response 1.3.6.1.2.1.43.14.1.1.6.1.5"
"35","Sep  8, 2005 19:34:45.723827000 UTC","172.31.19.54","172.31.19.73","303002010004067075626c6963a0230201370201000201003018301606122b06010401817d0840040201050a86dfd9740500","get-request 1.3.6.1.4.1.253.8.64.4.2.1.5.10.14150900"
"36","Sep  8, 2005 19:34:45.726598000 UTC","172.31.19.73","172.31.19.54","303102010004067075626c6963a2240201370201000201003019301706122b06010401817d0840040201050a86dfd974020101","get-response 1.3.6.1.4.1.253.8.64.4.2.1.5.10.14150900"
"37","Sep  8, 2005 19:34:45.729305000 UTC","172.31.19.54","172.31.19.73","302602010004067075626c6963a019020138020100020100300e300c06082b060102010102000500","get-request 1.3.6.1.2.1.1.2.0"
"38","Sep  8, 2005 19:34:45.729962000 UTC","172.31.19.73","172.31.19.54","303802010004067075626c6963a22b0201380201000201003020301e06082b0601020101020006122b060104018f5101010182295d011b020201","get-response 1.3.6.1.2.1.1.2.0"
"39","Sep  8, 2005 19:34:45.732751000 UTC","172.31.19.54","172.31.19.73","303e02010004067075626c6963a03102013902010002010030263011060d2b06010401817d08330801030005003011060d2b06010401817d0833080101000500","get-request 1.3.6.1.4.1.253.8.51.8.1.3.0 1.3.6.1.4.1.253.8.51.8.1.1.0"
"40","Sep  8, 2005 19:34:45.733451000 UTC","172.31.19.73","172.31.19.54","304102010004067075626c6963a23402013902010002010030293012060d2b06010401817d0833080103000201003013060d2b06010401817d0833080101000202012c","get-response 1.3.6.1.4.1.253.8.51.8.1.3.0 1.3.6.1.4.1.253.8.51.8.1.1.0"
"41","Sep  8, 2005 19:34:45.736156000 UTC","172.31.19.54","172.31.19.73","30818502010004067075626c6963a37802013a020100020100306d3013060e2b06010401817d083308020102010201043021060e2b06010401817d08330802010301040f46756a695865726f7845786f647573301d060e2b06010401817d08330802010401060b2b06010401817d083308023014060e2b06010401817d083308020105010202012c","set-request 1.3.6.1.4.1.253.8.51.8.2.1.2.1 1.3.6.1.4.1.253.8.51.8.2.1.3.1 1.3.6.1.4.1.253.8.51.8.2.1.4.1 1.3.6.1.4.1.253.8.51.8.2.1.5.1"
"42","Sep  8, 2005 19:34:45.737159000 UTC","172.31.19.73","172.31.19.54","30818502010004067075626c6963a27802013a020100020100306d3013060e2b06010401817d083308020102010201043021060e2b06010401817d08330802010301040f46756a695865726f7845786f647573301d060e2b06010401817d08330802010401060b2b06010401817d083308023014060e2b06010401817d083308020105010202012c","get-response 1.3.6.1.4.1.253.8.51.8.2.1.2.1 1.3.6.1.4.1.253.8.51.8.2.1.3.1 1.3.6.1.4.1.253.8.51.8.2.1.4.1 1.3.6.1.4.1.253.8.51.8.2.1.5.1"
"43","Sep  8, 2005 19:34:45.739847000 UTC","172.31.19.54","172.31.19.73","302e02010004067075626c6963a32102013b02010002010030163014060f2b06010401817d0833090201020a01020106","set-request 1.3.6.1.4.1.253.8.51.9.2.1.2.10.1"
"44","Sep  8, 2005 19:34:45.740652000 UTC","172.31.19.73","172.31.19.54","302e02010004067075626c6963a22102013b02010002010030163014060f2b06010401817d0833090201020a01020106","get-response 1.3.6.1.4.1.253.8.51.9.2.1.2.10.1"
"45","Sep  8, 2005 19:34:45.743360000 UTC","172.31.19.54","172.31.19.73","30819f02010004067075626c6963a3819102013c020100020100308185302206122b06010401817d08330a0201070a86deb735040c3137322e33312e31392e3733301706122b06010401817d08330a0201050a86deb960020102302306122b06010401817d08330a0201070a86deb736040d3235352e3235352e3235352e30302106122b06010401817d08330a0201070a86deb738040b3137322e33312e31392e32","set-request 1.3.6.1.4.1.253.8.51.10.2.1.7.10.14130101 1.3.6.1.4.1.253.8.51.10.2.1.5.10.14130400 1.3.6.1.4.1.253.8.51.10.2.1.7.10.14130102 1.3.6.1.4.1.253.8.51.10.2.1.7.10.14130104"
"46","Sep  8, 2005 19:34:45.744664000 UTC","172.31.19.73","172.31.19.54","30819f02010004067075626c6963a2819102013c020100020100308185302206122b06010401817d08330a0201070a86deb735040c3137322e33312e31392e3733301706122b06010401817d08330a0201050a86deb960020102302306122b06010401817d08330a0201070a86deb736040d3235352e3235352e3235352e30302106122b06010401817d08330a0201070a86deb738040b3137322e33312e31392e32","get-response 1.3.6.1.4.1.253.8.51.10.2.1.7.10.14130101 1.3.6.1.4.1.253.8.51.10.2.1.5.10.14130400 1.3.6.1.4.1.253.8.51.10.2.1.7.10.14130102 1.3.6.1.4.1.253.8.51.10.2.1.7.10.14130104"
"47","Sep  8, 2005 19:34:45.747379000 UTC","172.31.19.54","172.31.19.73","305a02010004067075626c6963a34d02013d02010002010030423014060f2b06010401817d0833090201020a010201043014060f2b06010401817d0833090201040a010201043014060f2b06010401817d0833090201030a0102010a","set-request 1.3.6.1.4.1.253.8.51.9.2.1.2.10.1 1.3.6.1.4.1.253.8.51.9.2.1.4.10.1 1.3.6.1.4.1.253.8.51.9.2.1.3.10.1"
"48","Sep  8, 2005 19:34:46.600393000 UTC","172.31.19.73","172.31.19.54","305a02010004067075626c6963a24d02013d02010002010030423014060f2b06010401817d0833090201020a010201043014060f2b06010401817d0833090201040a010201043014060f2b06010401817d0833090201030a0102010a","get-response 1.3.6.1.4.1.253.8.51.9.2.1.2.10.1 1.3.6.1.4.1.253.8.51.9.2.1.4.10.1 1.3.6.1.4.1.253.8.51.9.2.1.3.10.1"
"49","Sep  8, 2005 19:34:46.603293000 UTC","172.31.19.54","172.31.19.73","304202010004067075626c6963a03502013e020100020100302a3013060f2b06010401817d0833090201050a0105003013060f2b06010401817d0833090201060a010500","get-request 1.3.6.1.4.1.253.8.51.9.2.1.5.10.1 1.3.6.1.4.1.253.8.51.9.2.1.6.10.1"
"50","Sep  8, 2005 19:34:46.604308000 UTC","172.31.19.73","172.31.19.54","304402010004067075626c6963a23702013e020100020100302c3014060f2b06010401817d0833090201050a010201003014060f2b06010401817d0833090201060a01020100","get-response 1.3.6.1.4.1.253.8.51.9.2.1.5.10.1 1.3.6.1.4.1.253.8.51.9.2.1.6.10.1"
"51","Sep  8, 2005 19:34:46.607008000 UTC","172.31.19.54","172.31.19.73","302e02010004067075626c6963a32102013f02010002010030163014060f2b06010401817d0833090201040a01020108","set-request 1.3.6.1.4.1.253.8.51.9.2.1.4.10.1"
"52","Sep  8, 2005 19:34:46.611620000 UTC","172.31.19.73","172.31.19.54","302e02010004067075626c6963a22102013f02010002010030163014060f2b06010401817d0833090201040a01020108","get-response 1.3.6.1.4.1.253.8.51.9.2.1.4.10.1"
"81","Sep  8, 2005 19:35:19.114001000 UTC","172.31.19.54","172.31.19.73","302602010004067075626c6963a019020140020100020100300e300c06082b060102010103000500","get-request 1.3.6.1.2.1.1.3.0"
"83","Sep  8, 2005 19:35:27.614208000 UTC","172.31.19.54","172.31.19.73","302602010004067075626c6963a019020141020100020100300e300c06082b060102010103000500","get-request 1.3.6.1.2.1.1.3.0"
"86","Sep  8, 2005 19:35:36.114419000 UTC","172.31.19.54","172.31.19.73","302602010004067075626c6963a019020142020100020100300e300c06082b060102010103000500","get-request 1.3.6.1.2.1.1.3.0"
"87","Sep  8, 2005 19:35:36.115050000 UTC","172.31.19.73","172.31.19.54","302802010004067075626c6963a21b0201420201000201003010300e06082b060102010103004302012c","get-response 1.3.6.1.2.1.1.3.0"
"88","Sep  8, 2005 19:35:36.117762000 UTC","172.31.19.54","172.31.19.73","302602010004067075626c6963a019020143020100020100300e300c06082b060102010102000500","get-request 1.3.6.1.2.1.1.2.0"
"89","Sep  8, 2005 19:35:36.118399000 UTC","172.31.19.73","172.31.19.54","303802010004067075626c6963a22b0201430201000201003020301e06082b0601020101020006122b060104018f5101010182295d011b020201","get-response 1.3.6.1.2.1.1.2.0"
